ID;MARCA;MODELO
1;ACURA;INTEGRA
2;ACURA;LEGEND
3;ACURA;NSX
4;AGRALE;MARRUA
5;ALFA ROMEO;145
6;ALFA ROMEO;147
7;ALFA ROMEO;155
8;ALFA ROMEO;156
9;ALFA ROMEO;164
10;ALFA ROMEO;166
11;ALFA ROMEO;2300
12;ALFA ROMEO;SPIDER
13;AM GEN;HUMMER
14;KIA;AM-825
15;KIA;HI-TOPIC
16;KIA;ROCSTA
17;KIA;TOPIC
18;KIA;TOWNER
19;AUDI;100
20;AUDI;80
21;AUDI;A1
22;AUDI;A3
23;AUDI;A4 SEDAN
24;AUDI;A5 COUPE
25;AUDI;A6 SEDAN
26;AUDI;A7
27;AUDI;A8
30;AUDI;Q3
31;AUDI;Q5
32;AUDI;Q7
33;AUDI;R8
34;AUDI;RS3
35;AUDI;RS4
36;AUDI;RS5
37;AUDI;RS6
38;AUDI;S3
39;AUDI;S4 SEDAN
40;AUDI;S6 SEDAN
41;AUDI;S8
42;AUDI;TT
43;AUDI;TTS
86;BUGGY;BUGGY
87;CADILLAC;DEVILLE
88;CADILLAC;ELDORADO
89;CADILLAC;SEVILLE
90;CBT;JAVALI
92;CHANA;MINI STAR FAMILY
93;CHANA;MINI STAR UTILITY
95;CHERY;CIELO
96;CHERY;FACE
97;CHERY;QQ
98;CHERY;S-18
99;CHERY;TIGGO
100;CHRYSLER;300C
101;CHRYSLER;CARAVAN
102;CHRYSLER;CIRRUS
103;CHRYSLER;GRAN CARAVAN
104;CHRYSLER;LE BARON
105;CHRYSLER;NEON
106;CHRYSLER;PT CRUISER
107;CHRYSLER;SEBRING
108;CHRYSLER;STRATUS
109;CHRYSLER;TOWN E COUNTRY
110;CHRYSLER;VISION
111;CITROEN;AIRCROSS
112;CITROEN;AX
113;CITROEN;BERLINGO
114;CITROEN;BX
115;CITROEN;C3
116;CITROEN;C4
117;CITROEN;C5
118;CITROEN;C6
119;CITROEN;C8
120;CITROEN;DS3
121;CITROEN;EVASION
122;CITROEN;JUMPER
123;CITROEN;XANTIA
124;CITROEN;XM
125;CITROEN;XSARA
126;CITROEN;ZX
127;CROSS LANDER;CL-244
128;CROSS LANDER;CL-330
129;DAEWOO;ESPERO
130;DAEWOO;LANOS
131;DAEWOO;LEGANZA
132;DAEWOO;NUBIRA
133;DAEWOO;PRINCE
134;DAEWOO;RACER
135;DAEWOO;SUPER SALON
136;DAEWOO;TICO
137;DAIHATSU;APPLAUSE
138;DAIHATSU;CHARADE
139;DAIHATSU;CUORE
140;DAIHATSU;FEROZA
141;DAIHATSU;GRAN MOVE
142;DAIHATSU;MOVE VAN
143;DAIHATSU;TERIOS
144;DODGE;AVENGER
145;DODGE;DAKOTA
146;DODGE;JOURNEY
147;DODGE;RAM
148;DODGE;STEALTH
151;EFFA;M-100
152;EFFA;PLUTUS
153;EFFA;START
155;EFFA;ULC
158;ENGESA;ENGESA
159;ENVEMO;CAMPER
160;ENVEMO;MASTER
161;FERRARI;348
162;FERRARI;355
163;FERRARI;360
164;FERRARI;456
165;FERRARI;550
166;FERRARI;575M
167;FERRARI;612
168;FERRARI;CALIFORNIA
169;FERRARI;F430
170;FERRARI;F599
171;FIAT;147
174;FIAT;500
175;FIAT;BRAVA
176;FIAT;BRAVO
178;FIAT;COUPE
179;FIAT;DOBLO
180;FIAT;DUCATO CARGO
181;FIAT;DUNA
182;FIAT;ELBA
183;FIAT;FIORINO
184;FIAT;FREEMONT
185;FIAT;GRAND SIENA
186;FIAT;IDEA
187;FIAT;LINEA
188;FIAT;MAREA
189;FIAT;OGGI
190;FIAT;PALIO
191;FIAT;PANORAMA
192;FIAT;PREMIO
193;FIAT;PUNTO
194;FIAT;SIENA
195;FIAT;STILO
196;FIAT;STRADA
197;FIAT;TEMPRA
198;FIAT;TIPO
199;FIAT;UNO
201;FORD;AEROSTAR
202;FORD;ASPIRE
203;FORD;BELINA
204;FORD;CLUB WAGON
205;FORD;CONTOUR
206;FORD;CORCEL II
207;FORD;COURIER
208;FORD;CROWN VICTORIA
209;FORD;DEL REY
210;FORD;ECOSPORT
211;FORD;EDGE
212;FORD;ESCORT
213;FORD;EXPEDITION
214;FORD;EXPLORER
215;FORD;F-100
216;FORD;F-1000
217;FORD;F-150
218;FORD;F-250
219;FORD;FIESTA
220;FORD;FOCUS
221;FORD;FURGLAINE
222;FORD;FUSION
223;FORD;IBIZA
224;FORD;KA
225;FORD;MONDEO
226;FORD;MUSTANG
227;FORD;PAMPA
228;FORD;PROBE
229;FORD;RANGER
230;FORD;VERSAILLES ROYALE
231;FORD;TAURUS
232;FORD;THUNDERBIRD
233;FORD;TRANSIT
234;FORD;VERONA
235;FORD;VERSAILLES
236;FORD;WINDSTAR
238;CHEVROLET;A-10
239;CHEVROLET;A-20
240;CHEVROLET;AGILE
241;CHEVROLET;ASTRA
242;CHEVROLET;BLAZER
243;CHEVROLET;BONANZA
245;CHEVROLET;C-10
246;CHEVROLET;C-20
247;CHEVROLET;CALIBRA
248;CHEVROLET;CAMARO
249;CHEVROLET;CAPRICE
250;CHEVROLET;CAPTIVA
251;CHEVROLET;CARAVAN
252;CHEVROLET;CAVALIER
253;CHEVROLET;CELTA
255;CHEVROLET;CHEVY
256;CHEVROLET;CHEYNNE
258;CHEVROLET;COBALT
259;CHEVROLET;CORSA
262;CHEVROLET;CORVETTE
263;CHEVROLET;CRUZE
264;CHEVROLET;D-10
265;CHEVROLET;D-20
266;CHEVROLET;IPANEMA
267;CHEVROLET;KADETT
268;CHEVROLET;LUMINA
269;CHEVROLET;MALIBU
271;CHEVROLET;MERIVA
272;CHEVROLET;MONTANA
274;CHEVROLET;OMEGA
275;CHEVROLET;OPALA
276;CHEVROLET;PRISMA
277;CHEVROLET;S10
280;CHEVROLET;SILVERADO
281;CHEVROLET;SONIC
282;CHEVROLET;SONOMA
283;CHEVROLET;SPACEVAN
284;CHEVROLET;SS10
285;CHEVROLET;SUBURBAN
287;CHEVROLET;SYCLONE
288;CHEVROLET;TIGRA
289;CHEVROLET;TRACKER
290;CHEVROLET;TRAFIC
291;CHEVROLET;VECTRA
292;CHEVROLET;VERANEIO
293;CHEVROLET;ZAFIRA
294;GREAT WALL;HOVER
295;GURGEL;BR-800
296;GURGEL;CARAJAS
297;GURGEL;TOCANTINS
298;GURGEL;XAVANTE
299;GURGEL;VIP
300;HAFEI;TOWNER
301;HONDA;ACCORD
302;HONDA;CITY
303;HONDA;CIVIC
304;HONDA;CR-V
305;HONDA;FIT
306;HONDA;ODYSSEY
307;HONDA;PASSPORT
308;HONDA;PRELUDE
309;HYUNDAI;ACCENT
310;HYUNDAI;ATOS
311;HYUNDAI;AZERA
312;HYUNDAI;COUPE
314;HYUNDAI;ELANTRA
315;HYUNDAI;EXCEL
316;HYUNDAI;GALLOPER
317;HYUNDAI;GENESIS
318;HYUNDAI;H1
319;HYUNDAI;H100
321;HYUNDAI;I30
323;HYUNDAI;IX35
324;HYUNDAI;MATRIX
325;HYUNDAI;PORTER
326;HYUNDAI;SANTA FE
327;HYUNDAI;SCOUPE
328;HYUNDAI;SONATA
329;HYUNDAI;TERRACAN
330;HYUNDAI;TRAJET
331;HYUNDAI;TUCSON
332;HYUNDAI;VELOSTER
333;HYUNDAI;VERACRUZ
337;JAC;J3
338;JAC;J5
339;JAC;J6
340;JAGUAR;DAIMLER
341;JAGUAR;S-TYPE
342;JAGUAR;X-TYPE
345;JAGUAR;MODELOS XJ
352;JAGUAR;MODELOS XK
354;JEEP;CHEROKEE
355;JEEP;COMMANDER
356;JEEP;COMPASS
357;JEEP;GRAND CHEROKEE
358;JEEP;WRANGLER
359;JINBEI;TOPIC VAN
360;JPX;JIPE MONTEZ
361;JPX;PICAPE MONTEZ
362;KIA;BESTA
363;KIA;BONGO
364;KIA;CADENZA
365;KIA;CARENS
366;KIA;CARNIVAL
367;KIA;CERATO
368;KIA;CERES
369;KIA;CLARUS
370;KIA;MAGENTIS
371;KIA;MOHAVE
372;KIA;OPIRUS
373;KIA;OPTIMA
374;KIA;PICANTO
375;KIA;SEPHIA
376;KIA;SHUMA
377;KIA;SORENTO
378;KIA;SOUL
379;KIA;SPORTAGE
380;LADA;LAIKA
381;LADA;NIVA
382;LADA;SAMARA
383;LAMBORGHINI;GALLARDO
384;LAMBORGHINI;MURCIELAGO
385;LAND ROVER;DEFENDER
386;LAND ROVER;DISCOVERY
389;LAND ROVER;FREELANDER
391;LAND ROVER;NEW RANGE
392;LAND ROVER;RANGE ROVER
393;LEXUS;ES
396;LEXUS;GS
397;LEXUS;IS-300
398;LEXUS;LS
400;LEXUS;RX
402;LEXUS;SC
403;LIFAN;320
404;LIFAN;620
405;LOBINI;H1
406;LOTUS;ELAN
407;LOTUS;ESPRIT
408;MAHINDRA;SCORPIO
409;MASERATI;222
410;MASERATI;228
411;MASERATI;3200
412;MASERATI;430
413;MASERATI;COUPE
414;MASERATI;GHIBLI
415;MASERATI;GRANCABRIO
416;MASERATI;GRANSPORT
417;MASERATI;GRANTURISMO
418;MASERATI;QUATTROPORTE
419;MASERATI;SHAMAL
420;MASERATI;SPIDER
422;MATRA;PICK-UP
423;MAZDA;323
424;MAZDA;626
425;MAZDA;929
426;MAZDA;B-2500
427;MAZDA;B2200
428;MAZDA;MILLENIA
429;MAZDA;MPV
430;MAZDA;MX-3
431;MAZDA;MX-5
432;MAZDA;NAVAJO
433;MAZDA;PROTEGE
434;MAZDA;RX
467;MERCEDES-BENZ;CLASSE A
468;MERCEDES-BENZ;CLASSE B
469;MERCEDES-BENZ;CLASSE R
498;MERCEDES-BENZ;CLASSE GLK
531;MERCEDES-BENZ;SPRINTER
532;MERCURY;MYSTIQUE
533;MERCURY;SABLE
534;MG;550
535;MG;MG6
536;MINI;COOPER
537;MINI;ONE
538;MITSUBISHI;3000
539;MITSUBISHI;AIRTREK
540;MITSUBISHI;ASX
541;MITSUBISHI;COLT
542;MITSUBISHI;DIAMANT
543;MITSUBISHI;ECLIPSE
544;MITSUBISHI;EXPO
545;MITSUBISHI;GALANT
546;MITSUBISHI;GRANDIS
547;MITSUBISHI;L200
548;MITSUBISHI;L300
549;MITSUBISHI;LANCER
550;MITSUBISHI;MIRAGE
551;MITSUBISHI;MONTERO
552;MITSUBISHI;OUTLANDER
553;MITSUBISHI;PAJERO
554;MITSUBISHI;SPACE WAGON
555;MIURA;BG-TRUCK
556;NISSAN;350Z
557;NISSAN;ALTIMA
558;NISSAN;AX
559;NISSAN;D-21
560;NISSAN;FRONTIER
562;NISSAN;KING-CAB
563;NISSAN;LIVINA
564;NISSAN;MARCH
565;NISSAN;MAXIMA
567;NISSAN;MURANO
568;NISSAN;NX
569;NISSAN;PATHFINDER
571;NISSAN;PRIMERA
572;NISSAN;QUEST
573;NISSAN;SENTRA
574;NISSAN;STANZA
575;NISSAN;180SX
576;NISSAN;TERRANO
577;NISSAN;TIIDA
578;NISSAN;VERSA
579;NISSAN;X-TRAIL
580;NISSAN;XTERRA
581;NISSAN;ZX
582;PEUGEOT;106
583;PEUGEOT;205
584;PEUGEOT;206
585;PEUGEOT;207
586;PEUGEOT;3008
587;PEUGEOT;306
588;PEUGEOT;307
589;PEUGEOT;308
590;PEUGEOT;405
591;PEUGEOT;406
592;PEUGEOT;407
593;PEUGEOT;408
594;PEUGEOT;504
595;PEUGEOT;505
596;PEUGEOT;508
597;PEUGEOT;605
598;PEUGEOT;607
599;PEUGEOT;806
600;PEUGEOT;807
601;PEUGEOT;BOXER
602;PEUGEOT;HOGGAR
603;PEUGEOT;PARTNER
604;PEUGEOT;RCZ
605;PLYMOUTH;GRAN VOYAGER
606;PLYMOUTH;SUNDANCE
607;PONTIAC;TRANS-AM
608;PONTIAC;TRANS-SPORT
609;PORSCHE;911
612;PORSCHE;BOXSTER
613;PORSCHE;CAYENNE
614;PORSCHE;CAYMAN
615;PORSCHE;PANAMERA
617;RENAULT;21 SEDAN
618;RENAULT;CLIO
619;RENAULT;DUSTER
620;RENAULT;EXPRESS
621;RENAULT;FLUENCE
622;RENAULT;KANGOO
623;RENAULT;LAGUNA
624;RENAULT;LOGAN
625;RENAULT;MASTER
626;RENAULT;MEGANE
627;RENAULT;SAFRANE
628;RENAULT;SANDERO
629;RENAULT;SCENIC
630;RENAULT;SYMBOL
631;RENAULT;TRAFIC
632;RENAULT;TWINGO
634;SAAB;9000
635;SATURN;SL-2
636;SEAT;CORDOBA
637;SEAT;IBIZA
638;SEAT;INCA
641;SMART;FORTWO
642;SSANGYONG;ACTYON SPORTS
643;SSANGYONG;CHAIRMAN
644;SSANGYONG;ISTANA
645;SSANGYONG;KORANDO
646;SSANGYONG;KYRON
647;SSANGYONG;MUSSO
648;SSANGYONG;REXTON
649;SUBARU;FORESTER
650;SUBARU;IMPREZA
651;SUBARU;LEGACY
652;SUBARU;OUTBACK
653;SUBARU;SVX
654;SUBARU;TRIBECA
655;SUBARU;VIVIO
656;SUZUKI;BALENO
657;SUZUKI;GRAND VITARA
658;SUZUKI;IGNIS
660;SUZUKI;JIMNY
662;SUZUKI;SUPER CARRY
663;SUZUKI;SWIFT
664;SUZUKI;SX4
665;SUZUKI;VITARA
666;SUZUKI;WAGON R
667;TAC;STARK
668;TOYOTA;AVALON
669;TOYOTA;BANDEIRANTE
670;TOYOTA;CAMRY
671;TOYOTA;CELICA
672;TOYOTA;COROLLA
673;TOYOTA;CORONA
674;TOYOTA;HILUX
675;TOYOTA;LAND CRUISER
676;TOYOTA;MR-2
677;TOYOTA;PASEO
678;TOYOTA;PREVIA
679;TOYOTA;RAV4
680;TOYOTA;SUPRA
682;TROLLER;PANTANAL
684;TROLLER;T-4
685;VOLVO;400 SERIES
687;VOLVO;850
688;VOLVO;900 SERIES
700;VOLKSWAGEN;AMAROK
701;VOLKSWAGEN;APOLLO
702;VOLKSWAGEN;BORA
703;VOLKSWAGEN;CARAVELLE
704;VOLKSWAGEN;CORRADO
706;VOLKSWAGEN;EOS
707;VOLKSWAGEN;EUROVAN
708;VOLKSWAGEN;FOX
709;VOLKSWAGEN;FUSCA
710;VOLKSWAGEN;GOL
711;VOLKSWAGEN;GOLF
713;VOLKSWAGEN;JETTA
714;VOLKSWAGEN;KOMBI
715;VOLKSWAGEN;LOGUS
717;VOLKSWAGEN;PARATI
718;VOLKSWAGEN;PASSAT
719;VOLKSWAGEN;POINTER
720;VOLKSWAGEN;POLO
722;VOLKSWAGEN;SANTANA
723;VOLKSWAGEN;SAVEIRO
725;VOLKSWAGEN;SPACEFOX
726;VOLKSWAGEN;TIGUAN
727;VOLKSWAGEN;TOUAREG
729;VOLKSWAGEN;VOYAGE
732;ACURA;ZDX
737;FIAT;140
755;VOLKSWAGEN;BRASILIA
756;FORD;BRASILVAN
775;FORD;CORCEL
803;FIAT;PALIO WEEKEND
806;FORD;FOCUS SEDAN
807;FORD;FIESTA SEDAN
808;FORD;FIESTA TRAIL
810;PEUGEOT;207 SW
811;FORD;ESCORT SW
812;PEUGEOT;307 SEDAN
813;PEUGEOT;307 SW
815;CITROEN;C4 PALLAS
816;CITROEN;C4 PICASSO
817;CITROEN;C4 VTR
818;RENAULT;CLIO SEDAN
819;TOYOTA;COROLLA FIELDER
824;TOYOTA;HILUX SW4
825;RENAULT;MEGANE GRAND TOUR
827;RENAULT;SANDERO STEPWAY
829;CITROEN;XSARA PICASSO
1360;UTILITARIOS AGRICOLAS;COLHEITADEIRA
1361;WILLYS OVERLAND;PICKUP F75
1362;GURGEL;X12
1365;CHEVROLET;BEL AIR
1366;BMW;RX
1369;CHEVROLET;C-14
1370;CADILLAC;SRX4
1372;CHEVROLET;C-15
1373;CHEVROLET;BRASIL
1377;DODGE;POLARA
1380;FIAT;600
1382;FORD;F-01
1383;FORD;FALCON
1384;FORD;GALAXIE
1386;FORD;MAVERICK
1387;FORD;MODELO A
1388;FORD;NEW FIESTA
1389;INFINITI;LINHA FX
1391;PUMA;GTS
1392;HUMMER;H3
1394;HYUNDAI;PRIME
1395;HYUNDAI;TIBURON
1397;JEEP;JEEP
1398;JEEP;CJ5
1399;KARMANN GHIA;TC
1404;MERCEDES-BENZ;CLASSE CLC
1405;MERCEDES-BENZ;CLASSE CLS
1408;MERCURY;MONTEREY
1411;MIURA;TOPSPORT
1412;MIURA;TARGA
1414;MIURA;X8
1415;NISSAN;370Z
1418;PUMA;GTB
1419;PUMA;GTC
1420;PUMA;GTE
1421;MORRIS;AUSTIN
1423;RENAULT;7TL
1424;RENAULT;19
1426;SKODA;CONVERSÍVEL
1427;GURGEL;SUPERMINI
1428;VOLKSWAGEN;TL
1429;FIAT;TOPOLINO
1430;TOYOTA;SR5
1431;TOYOTA;VITZ
1432;VOLKSWAGEN;VARIANT
1454;DKW-VEMAG;CANDANGO
1460;VOLKSWAGEN;SP2
1466;HANOMAG;RECORB
1467;VOLKSWAGEN;POLAUTO
1508;RENAULT;GORDINI
1509;HILLMAN;MINX
1971;TOYOTA;ETIOS
1972;CHEVROLET;ONIX
1973;HYUNDAI;HB20
1975;BMW;330
1976;BMW;520
1978;BMW;730
1980;BMW;M1
1982;BMW;SERIE Z
1983;MERCEDES-BENZ;CLASSE SLK
1984;MERCEDES-BENZ;CLASSE C
1985;MERCEDES-BENZ;CLASSE E
1986;MERCEDES-BENZ;CLASSE CL
1987;MERCEDES-BENZ;CLASSE CLK
1988;MERCEDES-BENZ;CLASSE S
1989;MERCEDES-BENZ;CLASSE SL
1990;MERCEDES-BENZ;CLASSE SLS
1991;MERCEDES-BENZ;CLASSE G
1992;MERCEDES-BENZ;CLASSE GL
1993;MERCEDES-BENZ;CLASSE M
2032;HRG;1500
2061;HYUNDAI;EQUUS
2067;LAMBORGHINI;350 GT
2068;LAMBORGHINI;400 GT
2069;LAMBORGHINI;MIURA
2070;LAMBORGHINI;ISLERO
2071;LAMBORGHINI;ESPADA
2072;LAMBORGHINI;COUNTACH
2073;LAMBORGHINI;DIABLO
2074;LAMBORGHINI;ZAGATO
2075;LAMBORGHINI;ALAR
2076;LAMBORGHINI;LM002
2077;LAMBORGHINI;REVENTON
2078;LAMBORGHINI;ANKONIAN
2080;LAMBORGHINI;AVENTADOR
2081;LAMBORGHINI;SESTO ELEMENTO
2082;JAC;J3 TURIN
2083;JAC;J2
2084;RENAULT;SANDERO GT
2087;CHEVROLET;SPIN
2088;CHEVROLET;TRAILBLAZER
2097;CITROEN;C3 PICASSO
2098;CITROEN;GRAND C4 PICASSO
2099;CITROEN;JUMPER MINIBUS
2100;CITROEN;JUMPER VETRATO
2101;PEUGEOT;207 SEDAN
2102;PEUGEOT;207 QUIKSILVER
2103;PEUGEOT;207 ESCAPADE
2104;PEUGEOT;308 CC
2105;PEUGEOT;BOXER PASSAGEIRO
2106;FORD;NEW FIESTA SEDAN
2108;FORD;TRANSIT PASSAGEIRO
2109;FORD;TRANSIT CHASSI
2110;AUDI;A4 AVANT
2111;AUDI;S4 AVANT
2112;AUDI;A5 SPORTBACK
2113;AUDI;A5 CABRIOLET
2114;AUDI;S5 COUPE
2115;AUDI;S5 SPORTBACK
2116;AUDI;S5 CABRIOLET
2117;AUDI;A6 AVANT
2118;AUDI;A6 ALLROAD
2119;AUDI;S6 AVANT
2120;AUDI;S7
2121;AUDI;TT ROADSTER
2122;AUDI;TT RS
2123;AUDI;TT RS ROADSTER
2124;AUDI;TTS ROADSTER
2125;AUDI;R8 SPYDER
2126;AUDI;R8 GT
2127;AUDI;R8 GT SPYDER
2129;FERRARI;F12
2130;FERRARI;458 SPIDER
2131;FERRARI;458 ITALIA
2132;FERRARI;FF
2133;FERRARI;599
2134;FERRARI;SA
2135;FERRARI;CHALLENGE
2136;FERRARI;SUPERAMERICA
2137;FERRARI;F430 SPIDER
2138;FERRARI;430
2139;FERRARI;612 SESSANTA
2140;FERRARI;599 GTB
2141;FERRARI;SCUDERIA SPIDER
2142;FERRARI;512
2143;FERRARI;456 GT
2144;FERRARI;348 GTS
2145;FERRARI;348 SPIDER
2146;FERRARI;F355
2147;FERRARI;F355 SPIDER
2148;FERRARI;F50
2149;FERRARI;355 SPIDER
2150;FERRARI;360 MODENA
2151;MITSUBISHI;PAJERO FULL
2152;MITSUBISHI;PAJERO DAKAR
2153;MITSUBISHI;PAJERO TR4
2154;MITSUBISHI;LANCER SPORTBACK
2155;MITSUBISHI;LANCER EVOLUTION
2156;MITSUBISHI;L200 TRITON SAVANA
2157;MITSUBISHI;L200 TRITON
2159;NISSAN;LIVINA X-GEAR
2160;NISSAN;GRAND LIVINA
2161;SSANGYONG;NEW ACTYON SPORTS
2162;TOYOTA;PRIUS
2163;MIURA;SPORT
2164;MIURA;MTS
2165;MIURA;SPIDER
2166;MIURA;KABRIO
2167;MIURA;SAGA
2168;MIURA;SAGA II
2169;MIURA;787
2170;MIURA;X11
2171;GAIOLA;GAIOLA
2175;DODGE;NITRO
2176;DODGE;CHALLENGER
2177;DODGE;DART
2178;DODGE;LE BARON
2179;DODGE;CORDOBA
2180;DODGE;CHARGER
2181;CHRYSLER;WINDSOR
2183;CHRYSLER;CROSSFIRE
2184;CHRYSLER;CORDOBA
2185;CADILLAC;ESCALADE
2186;BUICK;RIVIERA
2187;BUICK;COUPE
2188;BUICK;CENTURY
2189;BUICK;APOLLO
2190;BUICK;CENTURION
2191;BUICK;EIGHT
2192;BUICK;ELECTRA
2193;BUICK;ESTATE WAGON
2194;BUICK;GRAN SPORT
2195;BUICK;GSX
2196;BUICK;INVICTA
2197;BUICK;LESABRE
2198;BUICK;LIMITED
2199;BUICK;PARK AVENUE
2200;BUICK;RAINIER
2201;BUICK;REATTA
2202;BUICK;REGAL
2203;BUICK;RENDEZVOUS
2204;BUICK;ROADMASTER
2205;BUICK;ROYAUM
2206;BUICK;SKYHAWK
2207;BUICK;SKYLARK
2208;BUICK;SOMERSET
2209;BUICK;SPECIAL
2210;BUICK;SPORT WAGON
2211;BUICK;SUPER
2212;BUICK;TERRAZA
2213;BUICK;WILDCAT
2214;BUICK;LACROSSE
2215;BUICK;ENCLAVE
2217;BUICK;GL8
2218;BUICK;HRV
2219;BUICK;LUCERNE
2230;FORD;SIERRA
2231;DAEWOO;BROUGHAM
2232;DAEWOO;CHAIRMAN
2233;DAEWOO;DAMAS
2234;DAEWOO;GENTRA
2235;DAEWOO;MAEPSY
2236;DAEWOO;ISTANA
2237;DAEWOO;KALOS
2238;DAEWOO;KORANDO
2239;DAEWOO;LACETTI
2240;DAEWOO;LEMANS
2242;DAEWOO;MATIZ
2243;DAEWOO;MUSSO
2244;DAEWOO;NEXIA
2245;DAEWOO;REZZO
2246;DAEWOO;ROYALE PRINCE
2247;DAEWOO;ROYALE SALON
2248;DAEWOO;STATESMAN
2249;DAEWOO;TOSCA
2250;DAEWOO;WINSTORM
2252;WILLYS OVERLAND;RURAL
2253;DODGE;D100
2259;MERCEDES-BENZ;170
2261;DODGE;CUSTOM ROYAL
2262;CHEVROLET;CLUB COUPE
2263;DODGE;MAGNUM
2264;CHEVROLET;GMC 100
2265;PONTIAC;SOLSTICE
2266;WILLYS OVERLAND;ITAMARATY
2267;JAGUAR;MARK V
2268;PUMA;GT
2269;STUDEBAKER;CHAMPION
2270;FIAT;BALILLA
2271;WILLYS OVERLAND;INTERLAGOS
2272;GURGEL;X15
2273;FORD;F-85
2274;PORSCHE;SPEEDSTER 356
2275;JINBEI;TOPIC FURGAO
2276;JINBEI;TOPIC ESCOLAR
2279;MERCEDES-BENZ;300D
2280;MERCEDES-BENZ;CLASSE TE
2283;TOYOTA;T-100
2294;RENAULT;MEGANE SEDAN
2295;AUDI;A4 CABRIOLET
2298;INFINITI;LINHA G
2299;INFINITI;LINHA G COUPE
2300;INFINITI;LINHA G CONVERSIVEL
2301;INFINITI;LINHA M
2302;INFINITI;LINHA EX
2303;INFINITI;LINHA JX
2304;INFINITI;LINHA QX
2305;JAGUAR;MODELOS XF
2306;JAGUAR;F-TYPE
2307;JAGUAR;MARK VII
2308;JAGUAR;MARK VIII
2309;JAGUAR;MARK IX
2310;JAGUAR;MARK X
2311;JAGUAR;E-TYPE
2312;JAGUAR;C-TYPE
2313;JAGUAR;D-TYPE
2314;JAGUAR;MARK I
2315;JAGUAR;MARK II
2346;PUMA;GT4R
2347;PUMA;SPYDER
2348;PUMA;GTI
2349;PUMA;AM1
2350;PUMA;AM2
2351;PUMA;AM3
2352;PUMA;AM4
2353;PUMA;AMV
2377;HONDA;ACTY
2378;HONDA;AIRWAVE
2379;HONDA;ASCOT
2380;HONDA;BALLADE
2381;HONDA;BEAT
2382;HONDA;CR-X
2383;HONDA;CONCERTO
2384;HONDA;CR-Z
2385;HONDA;DOMANI
2386;HONDA;EDIX
2387;HONDA;ELEMENT
2388;HONDA;EV PLUS
2389;HONDA;FCX
2390;HONDA;FR-V
2392;HONDA;HR-V
2393;HONDA;HSC
2394;HONDA;INSIGHT
2396;ACURA;TL
2397;HONDA;LIFE DUNK
2398;HONDA;LOGO
2399;HONDA;MOBILIO
2400;ACURA;MDX
2401;HONDA;ORTHIA
2402;HONDA;PARTNER VAN
2403;HONDA;PILOT
2404;HONDA;RIDGELINE
2405;HONDA;S2000
2406;HONDA;S600
2407;HONDA;S500
2408;HONDA;S800
2409;HONDA;STEPWGN
2410;HONDA;STREAM
2411;HONDA;THATS
2412;HONDA;VAMOZ
2413;HONDA;Z
2414;HONDA;ZEST
2441;SUZUKI;AERIO
2442;SUZUKI;ALTO
2443;SUZUKI;APV
2444;SUZUKI;KEI
2445;SUZUKI;LAPIN
2446;SUZUKI;MR WAGON
2447;SUZUKI;XL-7
2448;SUZUKI;VERONA
2477;WILLYS OVERLAND;JEEP CJ
2479;PEUGEOT;306 CABRIOLET
2484;DKW-VEMAG;BELCAR
2485;KAISER;M715
2492;PEUGEOT;407 SW
2493;PEUGEOT;307 CC
2499;CHEVROLET;STYLELINE
2500;FORD;ANGLIA
2508;ADAMO;GT2
2509;CHEVROLET;YUKON
2510;DE SOTO;SPORTSMAN
2514;RENAULT;21 NEVADA
2515;BUGATTI;VEYRON
2516;FERRARI;ENZO
2517;PEUGEOT;306 SW
2528;ALFA ROMEO;TI 80
2532;PORSCHE;SPYDER 550
2533;FERRARI;380 GTB
2534;TROLLER;T-5
2536;DODGE;KINGSWAY
2537;CHEVROLET;SSR
2540;CHEVROLET;IMPALA
2541;PEUGEOT;208
2542;CHEVROLET;GRAND BLAZER
2555;VOLVO;100 SERIES
2558;VOLVO;200 SERIES
2559;VOLVO;300 SERIES
2561;VOLVO;66
2562;VOLVO;700 SERIES
2563;VOLVO;AMAZON
2564;VOLVO;C303
2566;VOLVO;DUETT
2567;VOLVO;L3314
2568;VOLVO;OV 4
2569;VOLVO;P1800
2570;VOLVO;SUGGA
2571;FORD;TT
2572;CITROEN;ONCE
2573;FORD;DE LUXE
2574;FORD;CUSTOM
2575;FORD;T-BUCKET
2576;GURGEL;G15
2588;MITSUBISHI;PAJERO FULL 3D
2589;MITSUBISHI;PAJERO SPORT
2590;BMW;120 CABRIO
2591;BMW;320 TOURING
2592;BMW;330 CABRIO
2593;BMW;SERIE 5 TOURING
2594;BMW;SERIE 6 CABRIO
2595;BMW;SERIE M CONVERSIVEL
2596;BMW;M5 TOURING
2597;BMW;SERIE Z ROADSTER
2599;FORD;KA SPORT
2600;VOLKSWAGEN;CC
2605;KIA;CERATO KOUP
2607;CHEVROLET;ASTRO
2608;TOYOTA;COROLLA XRS
2609;TOYOTA;ETIOS SEDAN
2611;FORD;FREESTYLE
2612;MERCURY;COUGAR
2615;MAHINDRA;XUV 500
2618;MAHINDRA;XYLO
2619;MAHINDRA;BOLERO
2620;MAHINDRA;THAR
2621;MAHINDRA;AXE
2622;MAHINDRA;LEGEND
2623;JEEP;CJ3
2624;MAHINDRA;ARMADA
2625;MAHINDRA;CHASSI
2626;MAHINDRA;SCORPIO PICK-UP
2627;CHANA;STAR TRUCK
2628;CHANA;STAR
2629;CHANA;STAR VAN CARGO
2630;CHANA;STAR VAN PASSAGEIROS
2632;SIMCA;ALVORADA
2633;SIMCA;CHAMBORD
2637;SIMCA;PROFISSIONAL
2639;SIMCA;VEDETTE
2640;SIMCA;ARONDE
2641;SIMCA;1200S
2642;SIMCA;1000
2645;HYUNDAI;HB20X
2646;HYUNDAI;HB20S
2648;CHEVROLET;MONZA
2649;CHEVROLET;CHEVETTE
2650;LIFAN;X60
2651;CHEVROLET;TRAX
2652;BMW;118
2653;BMW;120
2654;BMW;130
2655;BMW;BAVARIA
2656;BMW;C-2800
2657;BMW;318
2658;BMW;320
2659;BMW;318 CABRIO
2660;BMW;325 CABRIO
2661;BMW;530
2662;BMW;540
2663;BMW;550
2664;BMW;740
2665;BMW;750
2666;BMW;760
2675;DITALLY;MATRIX 4X4
2694;SHINERAY;A7
2695;SHINERAY;A9
2696;SHINERAY;A9 CARGO
2697;SHINERAY;T20
2698;SHINERAY;T20 BAU
2699;SHINERAY;T22
2704;ENVEMO;SUPER 90 COUPE
2705;GURGEL;X20
2706;GURGEL;ITAIPU
2707;GURGEL;G800
2708;GURGEL;XEF
2709;GURGEL;MOTOMACHINE
2710;GURGEL;BUGATO
2711;GURGEL;QT
2716;DKW-VEMAG;CAICARA
2717;DKW-VEMAG;CARCARA
2718;DKW-VEMAG;FISSORE
2719;DKW-VEMAG;MALZONI
2720;DKW-VEMAG;VEMAGUET
2727;CITROEN;C4 LOUNGE
2728;MAZDA;CX-7
2729;TANGER;TR
2730;TANGER;LUCENA
2731;TANGER;SEVETSE
2732;TANGER;RAGGE
2733;VOLVO;C70
2734;VOLVO;C30
2735;VOLVO;544
2736;VOLVO;S40
2737;VOLVO;S60
2738;VOLVO;S70
2739;VOLVO;S80
2740;VOLVO;V40
2741;VOLVO;V50
2742;VOLVO;V60
2743;VOLVO;V70
2744;VOLVO;S90
2745;VOLVO;XC60
2746;VOLVO;XC70
2747;VOLVO;XC90
2748;VOLVO;P1900
2749;VOLVO;PV36
2750;VOLVO;PV444
2751;VOLVO;PV544
2752;VOLVO;PV51
2753;VOLVO;PV654
2754;VOLVO;C50
2755;MERCEDES-BENZ;190
2756;MERCEDES-BENZ;CLASSE CLA
2757;MERCEDES-BENZ;CLASSE V
2758;MERCEDES-BENZ;VANEO
2759;MERCEDES-BENZ;CITAN
2760;MERCEDES-BENZ;VARIO
2761;MERCEDES-BENZ;CLASSE S CLASSICO
2809;JAC;J3S
2810;RELY;PICK-UP
2811;RELY;VAN
2823;CITROEN;C3 SOLARIS
2824;CITROEN;C3 XTR
2825;CITROEN;C4 SOLARIS
2826;CITROEN;C5 BREAK/TOURER
2827;CITROEN;XSARA BREAK
2828;CITROEN;XSARA VTS
2829;CITROEN;XANTIA BREAK
2830;CITROEN;XM BREAK
2831;CITROEN;C15
2832;CITROEN;NEMO
2833;CITROEN;VISA
2834;CITROEN;C1
2835;CITROEN;C2
2836;CITROEN;C3 PLURIEL
2837;CITROEN;DS4
2838;CITROEN;DS5
2839;CITROEN;JUMPY
2840;CITROEN;C-CROSSER
2841;CITROEN;C35
2842;CITROEN;C25
2843;CITROEN;CX
2844;CITROEN;CX BREAK
2845;CITROEN;AXEL
2846;CITROEN;DYANE
2847;CITROEN;GS/GSA
2848;CITROEN;GS/GSA BREAK
2849;CITROEN;MEHARI
2850;CITROEN;SAXO
2851;CITROEN;SM
2852;CITROEN;ELYSEE
2853;RENAULT;MASTER MINIBUS
2854;CHERY;CELER
2855;CHERY;CELER SEDAN
2856;CHERY;CIELO SEDAN
2857;AUDI;A1 SPORTBACK
2858;AUDI;A1 QUATTRO
2859;AUDI;A3 SPORTBACK
2860;AUDI;RS4 AVANT
2861;AUDI;A8L W12
2862;AUDI;R8 V10
2863;FORD;RANGER CD
2864;JAC;T140
2865;BMW;X1
2866;BMW;X3
2867;BMW;X5
2868;BMW;X6
2869;BMW;840
2870;BMW;850
2871;BMW;645
2872;BMW;650
2874;HONDA;FIT TWIST
2876;MCLAREN;MP4
2877;MCLAREN;F1
2878;FORD;MONDEO SW
2879;FORD;ESCORT SEDAN
2880;FORD;ESCORT CONVERSIVEL
2881;MAZDA;MX-6
2884;CHEVROLET;CORISCO
2885;CHEVROLET;CHEVELLE
2886;FORD;EXCURSION
2887;VOLKSWAGEN;TOURAN
2890;FORD;F-10000
2891;PEUGEOT;HOGGAR ESCAPADE
2901;FORD;PHAETON
2913;VOLKSWAGEN;TRANSPORTER
2914;KIA;GRAND BESTA
2915;NISSAN;200SX
2916;NISSAN;240SX
2921;CHRYSLER;300M
2922;CHRYSLER;300C TOURING
2928;FORD;TORINO
2931;CHEVROLET;VENTURE
2932;CHEVROLET;FLEETLINE
2933;CHEVROLET;FLEETMASTER
2934;CHEVROLET;DELUXE
2936;FORD;ESCORT XR3
2937;CHEVROLET;MASTER
2938;OLDSMOBILE;TORONADO
2939;OLDSMOBILE;SIX
2940;OLDSMOBILE;EIGHT
2941;OLDSMOBILE;DELUXE
2942;OLDSMOBILE;SERIES 60
2943;OLDSMOBILE;SERIES 70
2944;OLDSMOBILE;SERIES 80
2945;OLDSMOBILE;SERIES 90
2946;OLDSMOBILE;STARFIRE
2947;OLDSMOBILE;442
2948;OLDSMOBILE;CUTLASS
2949;OLDSMOBILE;CUTLASS SUPREME
2950;OLDSMOBILE;CUTLASS SALON
2951;OLDSMOBILE;CUTLASS CALAIS
2952;OLDSMOBILE;CUTLASS CIERA
2953;OLDSMOBILE;CUSTOM CRUISER
2954;OLDSMOBILE;VISTA CRUISER
2955;OLDSMOBILE;F-85
2957;OLDSMOBILE;FIRENZA
2958;OLDSMOBILE;ACHIEVA
2959;OLDSMOBILE;ALERO
2960;OLDSMOBILE;AURORA
2961;OLDSMOBILE;BRAVADA
2962;OLDSMOBILE;INTRIGUE
2963;OLDSMOBILE;SILHOUETTE
2972;PLYMOUTH;SUPERBIRD
2973;PLYMOUTH;FURY
2974;PLYMOUTH;SPECIAL
2975;PLYMOUTH;PROWLER
2976;PLYMOUTH;TRAIL DUSTER
2977;PLYMOUTH;VOYAGER
2978;PLYMOUTH;SCAMP
2979;PLYMOUTH;ARROW
2980;PLYMOUTH;PT50
2981;PLYMOUTH;PT57
2982;PLYMOUTH;PT81
2983;PLYMOUTH;PT105
2984;PLYMOUTH;PT125
2985;PLYMOUTH;EXPRESS
2986;PLYMOUTH;VOYAGER EXPRESSO
2987;PLYMOUTH;NEON
2988;PLYMOUTH;LASER
2989;PLYMOUTH;CARAVELLE
2990;PLYMOUTH;STATION WAGON
2991;PLYMOUTH;MODEL Q
2992;PLYMOUTH;MODEL P6
2993;ASTON MARTIN;DB9 COUPE
2994;ASTON MARTIN;DB9 VOLANTE
2995;ASTON MARTIN;VIRAGE COUPE
2996;ASTON MARTIN;RAPIDE S
2997;ASTON MARTIN;V12 VANTAGE
2998;ASTON MARTIN;V8 VANTAGE COUPE
2999;ASTON MARTIN;V8 VANTAGE ROADSTER
3000;ASTON MARTIN;V8 VANTAGE S COUPE
3001;ASTON MARTIN;V8 VANTAGE S ROADSTER
3002;ASTON MARTIN;VANQUISH COUPE
3003;ASTON MARTIN;VANQUISH VOLANTE
3004;ASTON MARTIN;V12 ZAGATO
3005;ASTON MARTIN;DB5
3007;ASTON MARTIN;DBS
3008;ASTON MARTIN;DBS VOLANTE
3009;ASTON MARTIN;CYGNET
3010;ASTON MARTIN;ONE-77
3011;ASTON MARTIN;DBR9
3013;BMW;M3
3014;BMW;M5
3015;BMW;M6
3016;BMW;X6 M
3017;MINI;CABRIO
3018;MINI;COUPE
3019;MINI;ROADSTER
3020;MINI;COUNTRYMAN
3021;MINI;PACEMAN
3022;MINI;JOHN COOPER WORKS
3023;PAGANI;ZONDA
3024;SUBARU;NEW XV
3025;SUBARU;IMPREZA WRX HATCH
3026;SUBARU;IMPREZA WRX STI HATCH
3027;SUBARU;IMPREZA WRX STI SEDAN
3028;SUBARU;IMPREZA WRX SEDAN
3030;TOYOTA;ETIOS CROSS
3031;LAMBORGHINI;HURACAN
3032;VOLKSWAGEN;UP
4964;SMART;FORTWO CABRIO
4969;ADAMO;GT
4970;ADAMO;GTL
4971;ADAMO;GTM
4972;ADAMO;C2
4973;ADAMO;CRX
4974;ADAMO;AC 2000
4975;LINCOLN;AVIATOR
4976;LINCOLN;BLACKWOOD
4977;LINCOLN;CAPRI
4978;LINCOLN;CONTINENTAL
4979;LINCOLN;LS
4980;LINCOLN;MARK
4981;LINCOLN;MARK LT
4982;LINCOLN;MKR
4983;LINCOLN;MKS
4984;LINCOLN;MKX
4985;LINCOLN;MKZ
4986;LINCOLN;NAVIGATOR
4987;LINCOLN;PREMIERE
4988;LINCOLN;TOWN CAR
4989;LINCOLN;VERSAILLES
4990;LINCOLN;ZEPHYR
4991;CHEVROLET;CLASSIC
4992;SSANGYONG;ACTYON
5003;CHEVROLET;MARAJO
5004;CHEVROLET;SUPREMA
5005;VOLKSWAGEN;NEW BEETLE
5006;VOLKSWAGEN;QUANTUM
5007;VOLKSWAGEN;CROSSFOX
5008;FIAT;MILLE
5009;GEELY;GC2
5010;GEELY;EC7
5011;LIFAN;530
5012;FIAT;MOBI
5013;FIAT;TORO
5014;JEEP;RENEGADE
5015;RENAULT;DUSTER OROCH
5016;RENAULT;SANDERO RS
5017;HYUNDAI;HB20R
5018;HYUNDAI;GRAND SANTA FE
5019;VOLKSWAGEN;GOLF VARIANT
5020;VOLKSWAGEN;SPACE CROSS
5021;PEUGEOT;2008
5022;KIA;QUORIS
5023;KIA;GRAND CARNIVAL
5024;JAC;T8
5025;JAC;T6
5026;JAC;T5
5027;FORD;KA SEDAN
5028;FORD;FOCUS FASTBACK
5029;AUDI;A3 SEDAN
5030;AUDI;A5
5031;AUDI;RS 3 SPORTBACK
5032;AUDI;RS6 AVANT
5033;AUDI;TT COUPE
5034;BMW;SÉRIE 1
5035;BMW;SÉRIE 1 CABRIO
5036;BMW;SÉRIE 1 COUPÉ
5037;BMW;SÉRIE 1 M
5038;BMW;SÉRIE 3 CABRIO
5039;BMW;SÉRIE 3 M3 COUPÉ
5040;BMW;SÉRIE 3 M3 SEDÃ
5041;BMW;SÉRIE 3 SEDÃ
5042;BMW;SÉRIE 5 GRAN TURISMO
5043;BMW;SÉRIE 5 SEDÃ
5044;BMW;SÉRIE 7 SEDÃ
5045;BMW;Z4 ROADSTER
5046;BMW;I3
5047;BENTLEY;CONTINENTAL GT
5048;BENTLEY;CONTINENTAL GTC
5049;BENTLEY;CONTINENTAL FLYING SPUR
5050;BENTLEY;AZURE
5051;BENTLEY;ARNAGE
5052;BENTLEY;MULSANNE
5053;BENTLEY;BENTLEY BROOKLANDS
5054;BENTLEY;BENTLEY HUNAUDIERES
5055;BENTLEY;SILVER WINGS
5056;CHEVROLET;ASTRA HATCH
5057;CHEVROLET;ASTRA SEDAN
5058;CHEVROLET;CORSA HATCH
5059;CHEVROLET;CORSA SEDÃ
5060;CHEVROLET;CRUZE SPORT6
5061;CHEVROLET;VECTRA GT
5062;CHRYSLER;TOWN & COUNTRY
5063;CHERY;CELER HATCH
5064;CHERY;CIELO HATCH
5065;FIAT;ARGO
5066;FIAT;CRONOS
5067;FIAT;PULSE
5068;FIAT;FASTBACK
5069;FIAT;DUCATO
5070;FORD;TERRITORY
5071;HONDA;WR-V
5072;HYUNDAI;CRETA
5073;JAGUAR;F-PACE
5074;JAGUAR;XE
5075;JAGUAR;XF
5076;JAGUAR;XJ
5077;JAGUAR;I-PACE
5078;KIA;RIO
5079;LAND ROVER;RANGE ROVER EVOQUE
5080;LAND ROVER;RANGE ROVER SPORT
5081;LAND ROVER;RANGE ROVER VELAR
5082;LAND ROVER;DISCOVERY SPORT
5083;LEXUS;CT200H
5084;LEXUS;IS
5085;LEXUS;NX
5086;LEXUS;LX
5087;LEXUS;UX
5088;MAZDA;MAZDA2
5089;MAZDA;MAZDA3
5090;MAZDA;MAZDA6
5091;MAZDA;CX-3
5092;MAZDA;CX-5
5093;MAZDA;CX-9
5094;MERCEDES-BENZ;CLASSE GLA
5095;MERCEDES-BENZ;CLASSE GLB
5096;MERCEDES-BENZ;CLASSE GLC
5097;MERCEDES-BENZ;CLASSE GLE
5098;MERCEDES-BENZ;CLASSE GLS
5099;MINI;COOPER S
5100;MINI;CLUBMAN
5101;MITSUBISHI;ECLIPSE CROSS
5102;NISSAN;KICKS
5103;PEUGEOT;5008
5104;PORSCHE;718 BOXSTER
5105;PORSCHE;718 CAYMAN
5106;PORSCHE;MACAN
5107;PORSCHE;TAYCAN
5108;RENAULT;KWID
5109;RENAULT;STEPWAY
5110;RENAULT;CAPTUR
5111;RENAULT;OROCH
5112;RENAULT;KARDIAN
5113;SUBARU;XV
5114;SUBARU;WRX
5115;SUZUKI;S-CROSS
5116;TOYOTA;YARIS HB
5117;TOYOTA;YARIS SEDAN
5118;TOYOTA;COROLLA CROSS
5119;TOYOTA;SW4
5120;TOYOTA;GR COROLLA
5121;VOLKSWAGEN;VIRTUS
5122;VOLKSWAGEN;NIVUS
5123;VOLKSWAGEN;T-CROSS
5124;VOLKSWAGEN;TAOS
5125;VOLVO;V90
5126;VOLVO;XC40
5127;VOLVO;EX90
5128;BYD;DOLPHIN
5129;BYD;SEAL
5130;BYD;SONG PLUS
5131;BYD;TANG
5132;BYD;HAN
5133;TESLA;MODEL 3
5134;TESLA;MODEL Y
5135;TESLA;MODEL S
5136;TESLA;MODEL X
5137;CAOA CHERY;TIGGO 2
5138;CAOA CHERY;TIGGO 3X
5139;CAOA CHERY;TIGGO 5X
5140;CAOA CHERY;TIGGO 7
5141;CAOA CHERY;TIGGO 8
5142;JAC;E-JS1
5143;JAC;E-JS4
5144;JAC;T50
5145;JAC;T60
5146;JAC;T80
5147;RAM;1500
5148;RAM;2500
5149;RAM;3500
